<?xml version="1.0" encoding="UTF-8"?>
<addon id="plugin.video.lokuxxx" version="1.3.30h" name="LOKU REPO" provider-name="LOURENS.R.L">
      <requires>
      <import addon="xbmc.python" version="3.0.0"/>
      <!--<import addon="script.module.resolveurl" version="5.1.54"/>-->
      </requires>
      <extension point="xbmc.python.pluginsource" library="main.py">
      <provides>video</provides>
      </extension>

      <extension point="xbmc.addon.metadata">
          <summary lang="en">FreeTV Repository</summary>
          <description lang="en_GB">FreeTV Development Source Code</description>
          <disclaimer lang="en_GB">VISI MISI FOYA FOYA ; Don't Play Play Bosqueh</disclaimer>
          <platform>all</platform>
          <language></language>
          <license>Apache2</license>
          <forum></forum>
          <website>https://lourensloukassy.github.io/iptv/</website>
          <source>https://github.com/lourensloukassy/iptv/tree/main/repo/plugin.video.lokuxxx</source>
          <email>lourens.loukassy@outlook.com</email>
          <assets>
            <icon>icon.png</icon>
            <fanart>fanart.jpg</fanart>
            <screenshot>resources-img\screenshot-01.jpg</screenshot>
            <screenshot>resources-img\screenshot-02.jpg</screenshot>
            <screenshot>resources-img\screenshot-03.jpg</screenshot>    
          </assets>
          <news>ANDA BAHAGIA KAMI PUN SENANG, VISI MISI FOYA FOYA ; Don't Play Play Bosqueh</news>
      </extension>
  </addon>
