<?xml version="1.0" encoding="UTF-8" standalone="yes" ?>
<addon id="plugin.video.ondramanice" name="On Dramanice" version="0.19.0.9" provider-name="Majide, LOURENS.R.L">
  <requires>
  	<import addon="xbmc.python" version="3.0.0"/>
  	<import addon="script.module.resolveurl" version="5.1.69"/>
  	<import addon="script.module.requests" version="2.19.0"/>
  </requires>
  <extension point="xbmc.python.pluginsource" library="addon.py">
  	<provides>video</provides>
  </extension>
  <extension point="xbmc.addon.metadata">
  	<summary lang="en">Dramanice VOD</summary>
  	<description lang="en">Watch Asian Drama Online for Free in High Quality and Fast Streaming, watch Drama using Kodi for free at Dramanice</description>
  	<disclaimer lang="en">This is not an official addon! If the official APP is available for your platform,
use it instead of this addon. All rights on content are reserved by titles owners.</disclaimer>
  	<language>en</language>
  	<platform>all</platform>
    <license>GNU GENERAL PUBLIC LICENSE. Version 2, June 1991</license>
  	<forum>https://no-forum-available</forum>
  	<website>https://ondramanice.tv</website>
  	<news>FIXED: Listing streaming links</news>
	<assets>
	   <icon>resources/icon.png</icon>
       <fanart>resources/fanart.jpg</fanart>
       <screenshot>resources/screenshot-01.jpg</screenshot>
       <screenshot>resources/screenshot-02.jpg</screenshot>
       <screenshot>resources/screenshot-03.jpg</screenshot>
	</assets>
  </extension>
</addon>
