<?xml version="1.0" encoding="UTF-8" standalone="yes" ?>
<addon id="plugin.video.btv.plus" name="BTV PLUS" version="0.19.0.1" provider-name="Majide">
  <requires>
  	<import addon="xbmc.python" version="3.0.0"/>
  	<import addon="script.module.requests" version="2.19.0"/>
  </requires>
  <extension point="xbmc.python.pluginsource" library="addon.py">
  	<provides>video</provides>
  </extension>
  <extension point="xbmc.addon.metadata">
  	<summary lang="bg">Гледайте без абонамент</summary>
  	<description lang="bg">VOD платформа с авторско съдържание на bTV Media Group - предавания, сериали, емисии, новини, спортни емисии, прогнозата за времето. Гледане на живо.</description>
  	<disclaimer lang="bg">Това не е официална приставка! Ако официално приложение е достъпно за вашата платформа, използвайте него вместо тази приставка. Всички права върху съдържанието са запазени от bTV Media Group</disclaimer>
  	<language>bg</language>
  	<platform>all</platform>
    <license>GNU GENERAL PUBLIC LICENSE. Version 2, June 1991</license>
  	<forum>https://kodibg.org/forum/thread-145.html</forum>
  	<website>https://btvplus.bg</website>
  	<news>ПОПРАВЕНО: Съвместимост с Коди 19</news>
	<assets>
	   <icon>resources/icon.png</icon>
       <fanart>resources/fanart.jpg</fanart>
       <screenshot>resources/screenshot-01.jpg</screenshot>
       <screenshot>resources/screenshot-02.jpg</screenshot>
       <screenshot>resources/screenshot-03.jpg</screenshot>
	</assets>
  </extension>
</addon>
