<?xml version="1.0" encoding="UTF-8" standalone="yes"?>
<addon id="repository.loku" name="[COLOR gold]LOKU Repository[/COLOR]" version="1.0.0" provider-name="LOURENS.R.L">
    <extension point="xbmc.addon.repository" name="[COLOR gold]LOKU Repository[/COLOR]">

			<info compressed="false">https://raw.githubusercontent.com/lourensloukassy/repo/master/zips/addons.xml</info>
			<checksum>https://raw.githubusercontent.com/lourensloukassy/repo/master/zips/addons.xml.md5</checksum>
			<datadir zip="true">https://raw.githubusercontent.com/lourensloukassy/repo/master/zips/</datadir>
    </extension>
    <extension point="xbmc.addon.metadata">
        <summary>LOKU Repository</summary>
        <description>LOKU Repository for FreeTV Development Open Source</description>
        <disclaimer></disclaimer>
        <platform>all</platform>
        <assets>
            <icon>icon.png</icon>
            <fanart>fanart.jpg</fanart>
        </assets>
    </extension>
</addon>


